email,business,town,trade,subject,body
info@prostrokes.co.uk,Pro Strokes Ltd,Leeds/Guiseley,Painter & Decorator,Pro Strokes - Google Business Profile,"Hi there,

I came across Pro Strokes while looking at painters and decorators around Leeds and Guiseley. We help local trades get more from their Google Business Profile, and I would be happy to run a free, no-obligation audit of yours - it flags things like missing services, weak service descriptions, category issues and gaps in profile completeness.

Would you like me to take a look and send it over?

Best regards,
Nicholas
GMBX - Google Business Profile management
15 Grosvenor Road, West Wickham, BR4 9PU - gmbx.co.uk

If you would rather not hear from us, just reply ""no thanks"" and we will not contact you again."
info@martindayelectrician.co.uk,Martin Day Electricians Limited,Leeds/Bradford,Electrician,Martin Day Electricians - Google Business Profile,"Hi there,

I came across Martin Day Electricians while looking at electricians around Leeds and Bradford. We help local trades get more from their Google Business Profile, and I would be happy to run a free, no-obligation audit of yours - it flags things like missing services, weak service descriptions, category issues and gaps in profile completeness.

Would you like me to take a look and send it over?

Best regards,
Nicholas
GMBX - Google Business Profile management
15 Grosvenor Road, West Wickham, BR4 9PU - gmbx.co.uk

If you would rather not hear from us, just reply ""no thanks"" and we will not contact you again."
info@harrisheating.co.uk,T P Harris Plumbing and Heating Limited,Yeadon/Leeds,Plumber & Heating,Harris Heating - Google Business Profile,"Hi there,

I came across Harris Heating while looking at plumbing and heating firms around Leeds and Yeadon. We help local trades get more from their Google Business Profile, and I would be happy to run a free, no-obligation audit of yours - it flags things like missing services, weak service descriptions, category issues and gaps in profile completeness.

Would you like me to take a look and send it over?

Best regards,
Nicholas
GMBX - Google Business Profile management
15 Grosvenor Road, West Wickham, BR4 9PU - gmbx.co.uk

If you would rather not hear from us, just reply ""no thanks"" and we will not contact you again."
sfrplumbingandheating@gmail.com,SFR Plumbing & Heating Ltd,Leeds/Wetherby,Plumber & Heating,SFR Plumbing & Heating - Google Business Profile,"Hi there,

I came across SFR Plumbing & Heating while looking at plumbing and heating firms around Leeds and Wetherby. We help local trades get more from their Google Business Profile, and I would be happy to run a free, no-obligation audit of yours - it flags things like missing services, weak service descriptions, category issues and gaps in profile completeness.

Would you like me to take a look and send it over?

Best regards,
Nicholas
GMBX - Google Business Profile management
15 Grosvenor Road, West Wickham, BR4 9PU - gmbx.co.uk

If you would rather not hear from us, just reply ""no thanks"" and we will not contact you again."
info@beequalityservices.co.uk,Bee Quality Services UK Ltd,Leicester,Cleaning Company,Bee Quality Services - Google Business Profile,"Hi there,

I came across Bee Quality Services while looking at cleaning companies around Leicester. We help local firms get more from their Google Business Profile, and I would be happy to run a free, no-obligation audit of yours - it flags things like missing services, weak service descriptions, category issues and gaps in profile completeness.

Would you like me to take a look and send it over?

Best regards,
Nicholas
GMBX - Google Business Profile management
15 Grosvenor Road, West Wickham, BR4 9PU - gmbx.co.uk

If you would rather not hear from us, just reply ""no thanks"" and we will not contact you again."
enquiries@thehamptonclinic.co.uk,The Hampton Clinic Ltd,Clifton Bristol,Aesthetics Clinic,The Hampton Clinic - Google Business Profile,"Hi there,

I came across The Hampton Clinic while looking at aesthetics clinics around Clifton and Bristol. We help local clinics get more from their Google Business Profile, and I would be happy to run a free, no-obligation audit of yours - it flags things like missing services, weak service descriptions, category issues and gaps in profile completeness.

Would you like me to take a look and send it over?

Best regards,
Nicholas
GMBX - Google Business Profile management
15 Grosvenor Road, West Wickham, BR4 9PU - gmbx.co.uk

If you would rather not hear from us, just reply ""no thanks"" and we will not contact you again."
enquiries@rooftechcardiffltd.co.uk,Rooftech Cardiff Ltd,Cardiff,Roofing Company,Rooftech Cardiff - Google Business Profile,"Hi there,

I came across Rooftech Cardiff while looking at roofing companies around Cardiff. We help local trades get more from their Google Business Profile, and I would be happy to run a free, no-obligation audit of yours - it flags things like missing services, weak service descriptions, category issues and gaps in profile completeness.

Would you like me to take a look and send it over?

Best regards,
Nicholas
GMBX - Google Business Profile management
15 Grosvenor Road, West Wickham, BR4 9PU - gmbx.co.uk

If you would rather not hear from us, just reply ""no thanks"" and we will not contact you again."
contact@tynesideelectrical.co.uk,Tyneside Electrical Services Ltd,Newcastle/Gateshead,Electrician,Tyneside Electrical - Google Business Profile,"Hi there,

I came across Tyneside Electrical while looking at electricians around Newcastle and Gateshead. We help local trades get more from their Google Business Profile, and I would be happy to run a free, no-obligation audit of yours - it flags things like missing services, weak service descriptions, category issues and gaps in profile completeness.

Would you like me to take a look and send it over?

Best regards,
Nicholas
GMBX - Google Business Profile management
15 Grosvenor Road, West Wickham, BR4 9PU - gmbx.co.uk

If you would rather not hear from us, just reply ""no thanks"" and we will not contact you again."
wessexgardeners@btconnect.com,Wessex Gardeners Ltd,Southampton,Landscaping,Wessex Gardeners - Google Business Profile,"Hi there,

I came across Wessex Gardeners while looking at landscaping companies around Southampton. We help local firms get more from their Google Business Profile, and I would be happy to run a free, no-obligation audit of yours - it flags things like missing services, weak service descriptions, category issues and gaps in profile completeness.

Would you like me to take a look and send it over?

Best regards,
Nicholas
GMBX - Google Business Profile management
15 Grosvenor Road, West Wickham, BR4 9PU - gmbx.co.uk

If you would rather not hear from us, just reply ""no thanks"" and we will not contact you again."
